first_name,last_name,email,phone,company_name,job_title,industry,company_size,country,source,budget_range,pain_point,urgency,lead_message
Sarah,Chen,sarah.chen@techflow.io,+1-555-0101,TechFlow Solutions,VP of Sales,SaaS,51-200,USA,website,50k-100k,Poor lead conversion rates,high,We're struggling to convert inbound leads efficiently. Our sales team is overwhelmed with manual qualification.
Michael,O'Brien,mobrien@healthbridge.com,+1-555-0102,HealthBridge Analytics,Director of Operations,Healthcare,201-500,USA,referral,over_100k,Data integration challenges,high,Our patient intake system is fragmented across multiple platforms. Need automation urgently.
Priya,Sharma,priya@innovfinance.com,+44-20-5550103,InnoVFinance,Head of Customer Success,Fintech,11-50,UK,webinar,25k-50k,Customer onboarding bottleneck,medium,Manual onboarding is taking 2-3 weeks. Looking to streamline the process.
James,Thompson,jthompson@manufacturing-pro.com,+1-555-0104,Manufacturing Pro Inc,Operations Manager,Manufacturing,501-1000,USA,trade_show,50k-100k,Lead tracking inefficiency,medium,We get hundreds of trade show leads but lose track of follow-ups. Need better CRM workflow.
Elena,Rodriguez,elena.rodriguez@edutech-global.com,+34-91-5550105,EduTech Global,Chief Marketing Officer,Education,201-500,Spain,linkedin,25k-50k,Low email engagement,low,Our outreach emails have poor open rates. Want to improve personalization at scale.
David,Kim,david@startupforge.io,+1-555-0106,StartupForge Ventures,Founder & CEO,SaaS,1-10,USA,website,10k-25k,Manual lead qualification,high,As a startup we can't afford to waste time on unqualified leads. Need scoring automation.
Lisa,Mueller,lmueller@retail-dynamics.de,+49-30-5550107,Retail Dynamics GmbH,Sales Director,Retail,1001-5000,Germany,partner,over_100k,Omnichannel lead management,high,Managing leads from online and offline channels is chaotic. Need unified system.
Ahmed,Hassan,ahmed.hassan@cloudops.ae,+971-4-5550108,CloudOps MENA,VP of Engineering,SaaS,51-200,UAE,google_ads,50k-100k,API integration complexity,medium,Our current CRM doesn't integrate well with our tech stack. Looking for better workflow automation.
Jennifer,Park,jpark@biomedical-innovations.com,+1-555-0109,BioMedical Innovations,Head of Business Development,Healthcare,201-500,USA,conference,over_100k,Compliance-heavy processes,medium,Need HIPAA-compliant lead management with automated follow-up capabilities.
Marcus,Williams,marcus@localretail.com,+1-555-0110,LocalRetail Solutions,Marketing Manager,Retail,51-200,USA,website,10k-25k,Seasonal lead fluctuations,low,We get huge spikes in Q4 and can't manage them all manually.
Sophie,Dubois,sophie.dubois@luxurygoods.fr,+33-1-5550111,Luxury Goods France,Customer Experience Lead,Retail,201-500,France,referral,25k-50k,High-touch customer expectations,medium,Our luxury clients expect personalized communication but we lack automation tools.
Robert,Jackson,rjackson@industrial-tech.com,+1-555-0112,Industrial Tech Systems,VP of Sales,Manufacturing,501-1000,USA,cold_email,50k-100k,Long sales cycles,low,Manufacturing sales cycles are 6-12 months. Need better nurture automation.
Yuki,Tanaka,yuki.tanaka@japansoft.jp,+81-3-5550113,JapanSoft Corporation,Director of Sales,SaaS,1001-5000,Japan,webinar,over_100k,Multi-language support needs,high,We need lead management that works in Japanese and English seamlessly.
Carlos,Silva,carlos@brazilfintech.com.br,+55-11-5550114,BrazilFinTech,Head of Growth,Fintech,51-200,Brazil,linkedin,25k-50k,Regulatory reporting overhead,medium,Financial services compliance makes our lead tracking very manual and slow.
Emily,Watson,ewatson@eduplatform.com,+1-555-0115,EduPlatform Online,VP of Enrollment,Education,501-1000,USA,google_ads,50k-100k,Student inquiry management,high,We get 1000+ student inquiries per month and struggle to prioritize and respond.
Nikolai,Petrov,nikolai@techbridge-russia.ru,+7-495-5550116,TechBridge Russia,CTO,SaaS,11-50,Russia,partner,10k-25k,Legacy system integration,low,Our old CRM is too rigid. Need modern workflow automation.
Isabella,Rossi,i.rossi@fashionhouse.it,+39-06-5550117,Fashion House Milano,Sales Manager,Retail,51-200,Italy,trade_show,25k-50k,International lead distribution,medium,We have sales teams across Europe but leads aren't routed properly.
Kevin,Ng,kevin.ng@singaporetech.sg,+65-6555-0118,Singapore Tech Hub,Head of Sales Operations,SaaS,201-500,Singapore,website,over_100k,Data quality issues,high,Our lead data is messy and incomplete. Need enrichment and validation automation.
Rachel,Cohen,rcohen@healthtech-startup.com,+972-3-5550119,HealthTech Innovations,Co-Founder,Healthcare,1-10,Israel,y_combinator,under_10k,Limited resources for sales,high,Early stage startup - just me and my co-founder. Need automation to scale without hiring.
Thomas,Anderson,tanderson@manufacturing-legacy.com,+1-555-0120,Legacy Manufacturing Co,Director of IT,Manufacturing,1001-5000,USA,referral,50k-100k,Digital transformation lag,low,We're very traditional. Exploring options for modernizing lead management.
Mei,Wong,mei.wong@hongkongfinance.hk,+852-5550-0121,HongKong Finance Group,VP of Customer Acquisition,Fintech,501-1000,Hong Kong,conference,over_100k,Cross-border lead handling,medium,We operate in multiple Asian markets and need centralized lead workflow.
Daniel,Murphy,dmurphy@irishsaas.ie,+353-1-5550122,Irish SaaS Solutions,Sales Director,SaaS,51-200,Ireland,linkedin,25k-50k,Outbound email deliverability,medium,Our emails are landing in spam. Need help with professional outreach sequences.
Fatima,Al-Mansoori,fatima@gulfretail.ae,+971-2-5550123,Gulf Retail Enterprises,Head of Digital,Retail,201-500,UAE,google_ads,50k-100k,E-commerce integration gaps,high,Our online store leads don't sync with in-store CRM. Need unified workflow.
Oliver,Schmidt,o.schmidt@germansoftware.de,+49-89-5550124,German Software AG,VP of Business Development,SaaS,1001-5000,Germany,partner,over_100k,Enterprise lead complexity,medium,Enterprise deals involve multiple stakeholders. Need better activity tracking and follow-up.
Aisha,Okafor,aisha@africatech.ng,+234-1-5550125,AfricaTech Solutions,Founder,SaaS,1-10,Nigeria,startup_accelerator,under_10k,Limited budget constraints,high,Bootstrap startup looking for affordable lead automation to compete with bigger players.
William,Taylor,wtaylor@education-corp.com,+1-555-0126,Education Corporation,VP of Admissions,Education,1001-5000,USA,website,over_100k,Multi-campus coordination,medium,We have 15 campuses and lead routing is inconsistent. Need centralized system.
Camila,Santos,camila@latamretail.mx,+52-55-5550127,LatAm Retail Group,Marketing Director,Retail,501-1000,Mexico,trade_show,25k-50k,Language and timezone challenges,low,Managing leads across Latin America with different languages and timezones is difficult.
Henrik,Larsson,henrik@nordicmanufacturing.se,+46-8-5550128,Nordic Manufacturing,Operations Director,Manufacturing,201-500,Sweden,referral,50k-100k,Sustainability reporting needs,low,We need to track sustainability metrics alongside sales data for enterprise clients.
Grace,Kim,grace@koreafintech.kr,+82-2-5550129,Korea FinTech Innovations,Head of Sales,Fintech,51-200,South Korea,webinar,25k-50k,Mobile-first requirements,medium,Our leads expect fast mobile responses. Current system is too desktop-centric.
Patrick,O'Connor,poconnor@healthcaresolutions.ie,+353-21-5550130,HealthCare Solutions Ireland,CEO,Healthcare,11-50,Ireland,conference,10k-25k,GDPR compliance complexity,high,Healthcare data privacy is critical. Need compliant automated lead management.
Lucia,Fernandez,lucia@spanishsaas.es,+34-93-5550131,Spanish SaaS Ventures,VP of Growth,SaaS,51-200,Spain,linkedin,50k-100k,Multilingual team coordination,medium,Our team speaks Spanish and English. Need bilingual workflow automation.
Ryan,Mitchell,ryan.mitchell@retailchain.com,+1-555-0132,RetailChain America,Regional Manager,Retail,1001-5000,USA,cold_email,over_100k,Franchise lead distribution,low,We have 200+ franchise locations. Lead routing is a mess.
Anastasia,Volkov,anastasia@russiahealth.ru,+7-812-5550133,Russia HealthCare Systems,Director of Operations,Healthcare,501-1000,Russia,partner,50k-100k,Telemedicine lead influx,high,COVID accelerated telemedicine adoption. We're drowning in new patient leads.
Brandon,Lee,blee@usmanufacturing.com,+1-555-0134,US Manufacturing Group,Sales Manager,Manufacturing,501-1000,USA,website,25k-50k,Quote request overload,medium,We get 50+ quote requests per day. Manual processing is too slow.
Nadia,Hassan,nadia@middleeasttech.qa,+974-5550-0135,Middle East Tech Solutions,Head of Marketing,SaaS,11-50,Qatar,google_ads,10k-25k,Market entry challenges,medium,New to the region. Need to establish credible outreach quickly.
Jonathan,Brown,jbrown@edtech-usa.com,+1-555-0136,EdTech USA,VP of Sales,Education,201-500,USA,referral,50k-100k,Virtual learning lead surge,high,Post-pandemic we have 3x more inbound leads than before. Can't keep up.
Lena,Kowalski,lena@polishretail.pl,+48-22-5550137,Polish Retail Innovations,Marketing Manager,Retail,51-200,Poland,trade_show,25k-50k,Eastern European expansion,low,Expanding into new markets. Need scalable lead management from day one.
Marcus,Chen,marcus.chen@asiafintech.sg,+65-6555-0138,Asia FinTech Alliance,Director of Partnerships,Fintech,201-500,Singapore,conference,over_100k,Partnership lead tracking,medium,We work with 50+ partners. Tracking partner-sourced leads manually is impossible.
Emma,Johnson,emma@ukmanufacturing.co.uk,+44-121-5550139,UK Manufacturing Solutions,Head of Sales,Manufacturing,201-500,UK,linkedin,50k-100k,Brexit supply chain impact,low,Supply chain changes mean we need better lead prioritization for reliable partners.
Diego,Martinez,diego@mexicosaas.mx,+52-33-5550140,Mexico SaaS Innovators,Co-Founder,SaaS,1-10,Mexico,startup_accelerator,under_10k,Competing with US companies,high,US competitors have better tools. Need enterprise-grade automation on startup budget.
Anna,Bergstrom,anna@swedishhealth.se,+46-31-5550141,Swedish HealthTech,VP of Customer Success,Healthcare,51-200,Sweden,webinar,25k-50k,Patient privacy requirements,high,Strict Swedish privacy laws require careful lead data handling and automation.
Christopher,Davis,cdavis@retailconsulting.com,+1-555-0142,Retail Consulting Partners,Senior Consultant,Retail,11-50,USA,referral,10k-25k,Client lead overflow,medium,We're growing fast and our spreadsheet system isn't cutting it anymore.
Yara,El-Amin,yara@egypttech.eg,+20-2-5550143,Egypt Tech Solutions,Sales Director,SaaS,51-200,Egypt,linkedin,25k-50k,Emerging market dynamics,low,Fast-growing market but lead quality varies widely. Need better scoring.
Matthew,Wilson,mwilson@usfintech.com,+1-555-0144,US FinTech Corp,VP of Sales,Fintech,1001-5000,USA,website,over_100k,Compliance automation needs,high,Financial regulations require detailed lead activity logs. Manual tracking is risky.
Sophia,Papadopoulos,sophia@greekretail.gr,+30-21-5550145,Greek Retail Group,Operations Manager,Retail,201-500,Greece,partner,25k-50k,Tourism seasonality,medium,Tourism-driven business with extreme seasonal lead variations.
Alex,Zhang,alex.zhang@chinasaas.cn,+86-10-5550146,China SaaS Innovations,Head of International,SaaS,501-1000,China,conference,over_100k,Western market entry,medium,Expanding to US and Europe. Need to understand different lead expectations.
Victoria,Smith,vsmith@australianhealth.com.au,+61-2-5550147,Australian HealthCare Group,Director of Growth,Healthcare,201-500,Australia,google_ads,50k-100k,Telehealth regulation changes,high,New regulations create opportunities. Getting flooded with provider partnership inquiries.
Luis,Garcia,luis@argentinaman.ar,+54-11-5550148,Argentina Manufacturing,VP of Operations,Manufacturing,501-1000,Argentina,trade_show,25k-50k,Economic volatility impact,low,Currency fluctuations make lead prioritization by budget critical.
Zara,Ahmed,zara@dubaifintech.ae,+971-4-5550149,Dubai FinTech Hub,Head of Business Development,Fintech,51-200,UAE,webinar,50k-100k,Islamic finance requirements,medium,Need lead management that understands Sharia-compliant finance workflows.
Nathan,Robinson,nrobinson@canadiansaas.ca,+1-416-555-0150,Canadian SaaS Group,Sales Manager,SaaS,201-500,Canada,linkedin,25k-50k,Bilingual requirements,medium,Quebec requires French. Need automated outreach in both English and French.
Ines,Costa,ines@portugaltech.pt,+351-21-5550151,Portugal Tech Ventures,Marketing Director,SaaS,11-50,Portugal,startup_accelerator,10k-25k,Limited marketing team,high,Small team wearing many hats. Need automation to do more with less.
Richard,Thompson,rthompson@ukretail.co.uk,+44-161-5550152,UK Retail Dynamics,Regional Sales Director,Retail,1001-5000,UK,cold_email,over_100k,Multi-region coordination,low,Managing UK and Ireland leads from one system. Need better segmentation.
Amara,Diallo,amara@westafricahealth.sn,+221-33-5550153,West Africa HealthCare,Founder,Healthcare,1-10,Senegal,foundation_grant,under_10k,Resource constraints,high,NGO-funded healthcare startup. Need free or very low-cost lead automation.
Tyler,Anderson,tanderson@manufacturing-tech.com,+1-555-0154,Manufacturing Tech Solutions,Director of Sales,Manufacturing,201-500,USA,referral,50k-100k,Technical lead qualification,medium,Our products are highly technical. Need better qualification to avoid wasting engineering time on demos.
Leila,Mansour,leila@beirutfintech.lb,+961-1-5550155,Beirut FinTech,VP of Operations,Fintech,11-50,Lebanon,conference,10k-25k,Regional instability challenges,low,Operating in challenging environment. Need reliable cloud-based lead management.
Jake,Miller,jmiller@usretail.com,+1-555-0156,US Retail Innovations,Head of E-commerce,Retail,501-1000,USA,google_ads,50k-100k,Online-offline integration,high,Our e-commerce and physical store leads live in different systems. Need unification.
Chiara,Bianchi,chiara@italianmanufacturing.it,+39-02-5550157,Italian Manufacturing Excellence,Sales Director,Manufacturing,501-1000,Italy,trade_show,over_100k,Family business modernization,low,Third-generation family business going digital. Need gentle transition to automation.
Omar,Khalil,omar@saudiarabiasaas.sa,+966-11-5550158,Saudi Arabia SaaS Group,Head of Sales,SaaS,51-200,Saudi Arabia,partner,50k-100k,Vision 2030 opportunities,high,Government digitization creating huge demand. Need to scale lead handling fast.
Freya,Andersen,freya@denmarkhealth.dk,+45-3355-0159,Denmark HealthTech,VP of Business Development,Healthcare,51-200,Denmark,webinar,25k-50k,Nordic market coordination,medium,Selling across Nordic countries. Need centralized lead workflow with local customization.
Connor,Walsh,cwalsh@irishretail.ie,+353-1-5550160,Irish Retail Co,Marketing Manager,Retail,51-200,Ireland,linkedin,10k-25k,Brexit logistics impact,low,Post-Brexit logistics complexity means we need to prioritize EU vs UK leads differently.
Yasmin,Rahman,yasmin@bangladeshtech.bd,+880-2-5550161,Bangladesh Tech Solutions,Founder & CEO,SaaS,1-10,Bangladesh,startup_competition,under_10k,Bootstrapped startup,high,Self-funded startup. Every lead counts. Need affordable automation to compete.
Eric,Larsen,elarsen@norwaymanufacturing.no,+47-2155-0162,Norway Manufacturing Group,Operations Manager,Manufacturing,201-500,Norway,referral,50k-100k,Environmental compliance,medium,Norwegian environmental standards require detailed tracking. Need compliant automation.
Maya,Patel,maya@indiafintech.in,+91-22-5550163,India FinTech Innovations,Head of Growth,Fintech,201-500,India,conference,25k-50k,Rapid scaling challenges,high,Growing 200% YoY. Manual lead management breaking down. Need urgent automation.
Aaron,Brooks,abrooks@ussaas.com,+1-555-0164,US SaaS Enterprise,VP of Sales,SaaS,1001-5000,USA,website,over_100k,Enterprise sales complexity,medium,Enterprise deals take 6-12 months with 10+ touchpoints. Need sophisticated nurture automation.
Katarina,Novak,katarina@croatiasaas.hr,+385-1-5550165,Croatia SaaS Ventures,Sales Manager,SaaS,11-50,Croatia,linkedin,10k-25k,EU market access,medium,Croatia in EU gives us market access but we need professional outreach to compete.
Malcolm,Green,mgreen@jamaicatech.jm,+1-876-555-0166,Jamaica Tech Hub,Director of Sales,SaaS,1-10,Jamaica,accelerator,under_10k,Caribbean market unique needs,low,Caribbean businesses have different needs than US. Need flexible lead customization.
Nina,Popescu,nina@romaniahealth.ro,+40-21-5550167,Romania HealthCare Innovations,VP of Operations,Healthcare,51-200,Romania,partner,25k-50k,EU compliance requirements,high,Recent EU medical device regulations require detailed lead and customer tracking.
Samuel,White,swhite@australianretail.com.au,+61-3-5550168,Australian Retail Solutions,Head of Sales,Retail,201-500,Australia,trade_show,50k-100k,Asia-Pacific expansion,medium,Expanding into APAC from Australia. Need multi-timezone lead management.
Adriana,Silva,adriana@colombiasaas.co,+57-1-5550169,Colombia SaaS Group,Marketing Director,SaaS,51-200,Colombia,webinar,25k-50k,Latin American competition,medium,Competing with Mexican and Brazilian companies. Need professional automated outreach.
Ben,Harrison,bharrison@ukmanufacturing.co.uk,+44-113-5550170,UK Advanced Manufacturing,VP of Sales,Manufacturing,501-1000,UK,cold_email,over_100k,Industry 4.0 transition,low,Moving to smart manufacturing. Need modern lead management to match our tech upgrade.
Jasmine,Tan,jasmine@malaysiafintech.my,+60-3-5550171,Malaysia FinTech Solutions,Head of Partnerships,Fintech,51-200,Malaysia,conference,50k-100k,ASEAN market diversity,medium,Operating across 6 ASEAN countries. Each market has different lead characteristics.
=Trevor,Malicious,trevor@hackme.com,+1-555-9999,Hack Attempt Inc,Hacker,Technology,1-10,USA,dark_web,under_10k,CSV injection test,low,This is a test for CSV injection with leading equals sign
John,Smith,john.smith@example,+1-555-8888,No Domain Corp,Manager,Retail,11-50,USA,website,10k-25k,Missing email domain,medium,This lead has an incomplete email address for testing validation
Alice,Wonderland,alice@reallylongcompanynamewithtoomanycharactersandspecialchars!!!.com,+44-20-7777777,Company With Super Ultra Mega Long Name That Goes On Forever And Ever,Chief Everything Officer of All Departments,Industry,51-200,UK,website,25k-50k,Testing long values,low,This is an extremely long lead message that goes on and on and on to test how the system handles very verbose input from leads who write essays instead of concise messages and just keep typing without any regard for brevity or the database field length limits that might exist in the system. They just keep going and going like the Energizer bunny never stopping never pausing just more and more text.
Bob,O'Reilly-Smith,bob@test.com,,Empty Phone Company,VP,SaaS,,,referral,,Missing multiple fields,high,Testing sparse data handling
@Maria,Plus,maria+test@gmail.com,+1-555-7777,Gmail User Corp,Freelancer,Consulting,1-10,USA,linkedin,under_10k,Personal email domain,low,Testing personal email instead of corporate
